<?xml version="1.0" encoding="UTF-8"?>
<project-private xmlns="http://www.netbeans.org/ns/project-private/1">
    <editor-bookmarks xmlns="http://www.netbeans.org/ns/editor-bookmarks/2" lastBookmarkId="0"/>
    <open-files xmlns="http://www.netbeans.org/ns/projectui-open-files/2">
        <group>
            <file>file:/C:/Users/alkfnl/Desktop/school/2015-2016/Programming%20II%20(COP%203337)/Assignments/FinalProject/src/DoctorsAppointment/Appointment.java</file>
            <file>file:/C:/Users/alkfnl/Desktop/school/2015-2016/Programming%20II%20(COP%203337)/Assignments/FinalProject/src/DoctorsAppointment/ListIterator.java</file>
            <file>file:/C:/Users/alkfnl/Desktop/school/2015-2016/Programming%20II%20(COP%203337)/Assignments/FinalProject/src/DoctorsAppointment/LinkedList.java</file>
            <file>file:/C:/Users/alkfnl/Desktop/school/2015-2016/Programming%20II%20(COP%203337)/Assignments/FinalProject/src/DoctorsAppointment/DrAppointmentsTest.java</file>
        </group>
    </open-files>
</project-private>
